{
    "faqs": [
      {
        "question": "What is interactive design and how is it different from a normal presentation?",
        "answer": "Several studies show that outsourcing UI/UX agencies is more cost-effective. Providing better results and expertise"
      },
      {
        "question": "What kind of projects is this service best suited for?",
        "answer": "An agency contains a holistic knowledge of everything around designing. Bringing multiple teams together, like marketing, UI designers, UX designers, and developers."
      },
      {
        "question": "Can you help visualize my product or feature idea?",
        "answer": "An agency can provide an unbiased view and specialised expertise that can bring fresh ideas and innovative solutions."
      },
      {
        "question": "How long does an interactive project usually take?",
        "answer": "An agency can provide an unbiased view and specialised expertise that can bring fresh ideas and innovative solutions."
      },
      {
        "question": "What tools do you use, and can I edit the final output later?",
        "answer": "Consider their portfolio, design process, client testimonials, and their ability to understand and address your specific project goals and requirements."
      },
      {
        "question": "Do I need to provide content, or can you handle everything?",
        "answer": "A UI/UX agency specializes in creating visually appealing and user-friendly designs for websites and applications. This includes a multi-layer process (research, design, test, launch)."
      }
    ]
  }
  