{
    "faqs": [
      {
        "question": "Who exactly needs a branding service?",
        "answer": "Several studies show that outsourcing UI/UX agencies is more cost-effective. Providing better results and expertise"
      },
      {
        "question": "How long does the branding project usually take?",
        "answer": "An agency contains a holistic knowledge of everything around designing. Bringing multiple teams together, like marketing, UI designers, UX designers, and developers."
      },
      {
        "question": "Do you offer logo design as part of branding? ",
        "answer": "An agency can provide an unbiased view and specialised expertise that can bring fresh ideas and innovative solutions."
      },
      {
        "question": "What if I already have a logo but want to rebrand?",
        "answer": "Consider their portfolio, design process, client testimonials, and their ability to understand and address your specific project goals and requirements."
      },
      {
        "question": "Do you offer support after the brand kit is launched?",
        "answer": "A UI/UX agency specializes in creating visually appealing and user-friendly designs for websites and applications. This includes a multi-layer process (research, design, test, launch)."
      },
      {
        "question": "How do I know if my brand visuals are effective?",
        "answer": "A UI/UX agency specializes in creating visually appealing and user-friendly designs for websites and applications. This includes a multi-layer process (research, design, test, launch)."
      }
    ]
  }
  