{
    "faqs": [
      {
        "question": "What are the best marketing channels for a SaaS business?",
        "answer": "Content marketing and SEO help attract users organically, but converting that traffic depends on intuitive landing pages and clear user flows. Paid ads on platforms like Google and LinkedIn are effective, especially when paired with high-converting interfaces. Email marketing and referral programs benefit from well-designed onboarding and user experiences. Offering free trials or freemium models with seamless in-app UX can significantly boost adoption."
      },
      {
        "question": "How long does it take to see results from a campaign?",
        "answer": "The timeline for seeing results from a campaign depends on the type of marketing channel and the campaign goals. Paid advertising (like Google or LinkedIn Ads) can generate results within days or weeks, especially for lead generation or product signups. Organic strategies such as SEO, content marketing, and email nurturing typically take 2–6 months to show meaningful impact. At our UI/UX design company, we focus on creating conversion-optimized experiences so that when traffic does arrive—whether from ads or organic sources—it's more likely to convert into real business outcomes faster."
      },
      {
        "question": "How do you measure marketing success? ",
        "answer": "An agency can provide an unbiased view and specialised expertise that can bring fresh ideas and innovative solutions."
      },
      {
        "question": "Do I need a big budget to get started?",
        "answer": "Consider their portfolio, design process, client testimonials, and their ability to understand and address your specific project goals and requirements."
      },
      {
        "question": "Can you help with rebranding and repositioning?",
        "answer": "A UI/UX agency specializes in creating visually appealing and user-friendly designs for websites and applications. This includes a multi-layer process (research, design, test, launch)."
      },
      {
        "question": "What’s the minimum duration you recommend for a marketing campaign to see results?",
        "answer": "A UI/UX agency specializes in creating visually appealing and user-friendly designs for websites and applications. This includes a multi-layer process (research, design, test, launch)."
      }
    ]
  }
  