{
    "faqs": [
      {
        "question": "What are the key principles of good SaaS UI/UX design?",
        "answer": "Several studies show that outsourcing UI/UX agencies is more cost-effective. Providing better results and expertise"
      },
      {
        "question": "How do you design for scalability in a SaaS product?",
        "answer": "An agency contains a holistic knowledge of everything around designing. Bringing multiple teams together, like marketing, UI designers, UX designers, and developers."
      },
      {
        "question": "What are common mistakes to avoid in SaaS UI design? ",
        "answer": "An agency can provide an unbiased view and specialised expertise that can bring fresh ideas and innovative solutions."
      },
      {
        "question": "How should user onboarding be handled in a SaaS application?",
        "answer": "Consider their portfolio, design process, client testimonials, and their ability to understand and address your specific project goals and requirements."
      },
      {
        "question": "Why is it important to design for different user roles in SaaS?",
        "answer": "A UI/UX agency specializes in creating visually appealing and user-friendly designs for websites and applications. This includes a multi-layer process (research, design, test, launch)."
      },
      {
        "question": "How do you ensure a consistent experience across the SaaS platform?",
        "answer": "A UI/UX agency specializes in creating visually appealing and user-friendly designs for websites and applications. This includes a multi-layer process (research, design, test, launch)."
      }
    ]
  }
  